id,name,fixed acidity,citric acid,residual sugar,chlorides,total sulfur dioxide,density,sulphates,alcohol,type,Taste,quality
1,Chardonnay,7.4,0,1.9,0.076,34,0.9978,0.56,9.4,Port,Balanced,1
2,Cabernet Sauvignon,7.8,0,2.6,0.098,67,0.9968,0.68,9.8,White,Sour,0
3,Merlot,7.8,0.04,2.3,0.092,54,0.997,0.65,9.8,Rose,Earthy,0
4,Pinot Noir,11.2,0.56,1.9,0.075,60,0.998,0.58,9.8,White,Bitter,1
5,Zinfandel,7.4,0,1.9,0.076,34,0.9978,0.56,9.4,Rose,Balanced,1
6,Sauvignon Blanc,7.4,0,1.8,0.075,40,0.9978,0.56,9.4,Red,Sour,1
7,Syrah,7.9,0.06,1.6,0.069,59,0.9964,0.46,9.4,Rose,Bitter,1
8,Malbec,7.3,0,1.2,0.065,21,0.9946,0.47,10,Rose,Balanced,0
9,Riesling,7.8,0.02,2,0.073,18,0.9968,0.57,9.5,White,Balanced,1
10,Grenache,7.5,0.36,6.1,0.071,102,0.9978,0.8,10.5,White,Sour,1
11,Sangiovese,6.7,0.08,1.8,0.097,65,0.9959,0.54,9.2,White,Earthy,0
12,Tempranillo,7.5,,6.1,0.071,102,0.9978,0.8,10.5,Red,Earthy,0
13,Moscato,5.6,0,1.6,0.089,59,0.9943,0.52,9.9,White,Earthy,0
14,Chenin Blanc,7.8,0.29,1.6,0.114,29,0.9974,1.56,9.1,Red,Earthy,0
15,Pinot Grigio,8.9,0.18,3.8,0.176,145,0.9986,0.88,9.2,White,Bitter,1
16,Viognier,8.9,0.19,3.9,0.17,148,0.9986,0.93,9.2,Port,Earthy,1
17,Nebbiolo,8.5,0.56,1.8,0.092,103,0.9969,0.75,10.5,Red,Sweet,1
18,Barbera,8.1,0.28,1.7,0.368,56,0.9968,1.28,9.3,Rose,Bitter,1
19,Gamay,7.4,0.08,4.4,0.086,29,0.9974,0.5,9,Port,Sour,1
20,Torrontes,7.9,0.51,1.8,0.341,56,0.9969,1.08,9.2,,Earthy,0
21,Gruner Veltliner,8.9,0.48,1.8,0.077,60,0.9968,0.53,9.4,Port,Earthy,0
22,Albarino,7.6,0.31,2.3,0.082,71,0.9982,0.65,9.7,White,Sour,0
23,Carmenere,7.9,0.21,1.6,0.106,37,0.9966,0.91,9.5,Port,Earthy,0
24,Petit Verdot,8.5,0.11,2.3,0.084,67,0.9968,0.53,9.4,White,Earthy,0
25,Marsanne,6.9,0.14,2.4,0.085,40,0.9968,0.63,9.7,White,Balanced,1
26,Roussanne,6.3,0.16,1.4,0.08,23,0.9955,0.56,9.3,Red,Bitter,0
27,Tannat,7.6,0.24,1.8,0.08,11,0.9962,0.59,9.5,White,Balanced,1
28,Carignan,7.9,0.21,1.6,0.106,37,,0.91,9.5,Rose,Sweet,1
29,Verdejo,7.1,0,1.9,0.08,35,,0.55,9.4,White,Sour,1
30,Semillon,7.8,0,2,0.082,16,0.9964,0.59,9.8,Rose,Balanced,0
31,Dolcetto,6.7,0.07,2.4,0.089,82,0.9958,0.54,10.1,White,Sour,1
32,Touriga Nacional,6.9,0,2.5,0.105,37,0.9966,0.57,10.6,White,Sour,0
33,Lambrusco,8.3,0.12,2.3,0.083,113,0.9966,0.66,9.8,Port,Earthy,0
34,Pedro Ximenez,6.9,0.12,10.7,0.073,83,0.9993,0.52,9.4,Rose,Earthy,1
35,Monastrell,5.2,0.25,1.8,0.103,50,0.9957,0.55,9.2,Red,Earthy,0
36,Fiano,7.8,0,5.5,0.086,18,0.9986,0.55,9.6,White,Sour,1
37,Prosecco,7.8,0.14,2.4,0.086,15,0.9975,0.6,10.8,Port,Balanced,0
38,Cava,8.1,0.28,2.1,0.066,30,0.9968,0.73,9.7,Port,Bitter,0
39,Madeira,5.7,0.09,1.5,0.172,19,0.994,0.48,9.8,Red,Sour,0
40,Port,7.3,0.36,5.9,0.074,87,0.9978,0.83,10.5,Red,Sour,1
41,Shiraz,7.3,0.36,5.9,0.074,87,0.9978,0.83,10.5,Rose,Sour,1
42,Glera,8.8,0.3,2.8,0.088,46,0.9976,0.51,9.3,Rose,Balanced,1
43,Macabeo,7.5,0.2,2.6,0.332,14,0.9968,0.9,10.5,White,Sweet,0
44,Moschofilero,8.1,0.22,2.2,0.069,23,0.9968,1.2,10.3,Rose,Balanced,1
45,Assyrtiko,6.8,0.02,1.8,0.05,11,0.9962,0.52,9.5,White,Bitter,0
46,Agiorgitiko,4.6,0.15,2.1,0.054,65,0.9934,0.56,13.1,Rose,Earthy,1
47,Aglianico,7.7,0.43,2.2,0.114,114,0.997,0.73,9.2,Rose,Balanced,0
48,Verdelho,8.7,0.52,1.6,0.113,37,0.9969,0.58,9.5,Red,Sweet,1
49,Vermentino,6.4,0.23,1.6,0.066,12,0.9958,0.56,9.2,Red,Sweet,1
50,Gewurztraminer,5.6,0.37,1.4,0.074,,0.9954,0.58,9.2,White,Balanced,0
51,Primitivo,8.8,0.26,1.7,0.074,23,0.9971,0.74,9.2,Port,Earthy,0
52,Blaufrankisch,6.6,0.04,2.2,0.069,15,0.9956,0.63,9.4,Red,Sour,1
53,Txakolina,6.6,0.04,2.1,0.068,14,0.9955,0.64,9.4,White,Bitter,1
54,Kerner,8.6,0.36,3,0.081,119,0.997,0.56,9.4,Rose,Balanced,1
55,Aligote,7.6,0.15,2.8,0.11,73,0.9955,0.63,10.2,Red,Sour,0
56,Baga,7.7,0.04,3.8,0.084,45,0.9978,0.53,9.5,Rose,Sour,0
57,Xinomavro,10.2,0.57,3.4,0.07,10,0.9971,0.63,9.6,Red,Earthy,1
58,Negroamaro,7.5,0.12,5.1,0.111,110,0.9983,0.77,9.4,Red,Bitter,0
59,Falanghina,7.8,0.18,2.3,0.076,54,0.9975,0.59,10,Rose,Balanced,0
60,Pecorino,7.3,0.31,2.4,0.074,46,0.9962,0.54,9.4,White,Sour,1
61,Loureiro,8.8,0.4,2.2,0.079,52,0.998,0.64,9.2,White,Sweet,1
62,Godello,7.7,0.49,1.8,0.115,112,0.9968,0.71,9.3,Rose,Sour,0
63,Trebbiano,7.5,0.16,1.9,0.085,35,0.9968,0.62,9.5,White,Earthy,1
64,Corvina,7,0.05,2,0.081,54,0.9966,0.57,9.8,White,Earthy,1
65,Cortese,7.2,0.05,4.65,,11,0.9962,0.39,10.9,Red,Sour,0
66,Barolo,7.2,0.05,4.65,0.086,11,0.9962,0.39,10.9,Port,Sour,1
67,Barbaresco,7.5,0.11,1.5,0.079,39,0.9968,0.58,9.6,Rose,Bitter,1
68,Valpolicella,6.6,0.07,1.6,0.076,15,0.9962,0.58,10.7,Rose,Sweet,1
69,Rosso di Montalcino,9.3,0.57,2,0.074,65,0.9969,0.79,10.7,Rose,Balanced,1
70,Franciacorta,8,0.05,1.9,0.074,19,0.9962,0.95,10.5,White,Sweet,0
71,Chianti,7.7,0.08,1.9,0.076,27,0.9967,0.54,9.5,,,1
72,Beaujolais,7.7,0.23,2.1,0.088,96,0.9962,0.48,9.5,Port,Earthy,1
73,Soave,7.7,0.22,1.9,0.084,94,0.9961,0.48,9.5,Red,Earthy,0
74,Orvieto,8.3,0.26,2.1,0.084,43,0.9976,0.53,9.2,Red,Sweet,1
75,Cote-Rotie,9.7,0.54,2.5,0.094,83,0.9984,0.82,9.6,Rose,Earthy,0
76,Chablis,8.8,0.64,2.2,0.093,42,0.9986,0.66,10.5,Red,Earthy,1
77,Pouilly-Fuisse,8.8,0.64,2.2,0.093,42,0.9986,0.66,10.5,Red,Sour,0
78,Saint-Emilion,6.8,0,2.4,0.104,30,0.9966,0.55,10.7,Red,,0
79,Pauillac,6.7,0.12,2,0.086,80,0.9958,0.52,10.1,Port,Sweet,0
80,Margaux,8.3,0.2,1.5,0.08,119,0.9972,1.12,9.1,White,Bitter,0
81,Graves,6.2,0.2,1.6,0.069,15,0.9958,0.56,9.2,Port,Earthy,0
82,Pomerol,7.8,0.7,1.9,0.464,67,0.9974,1.28,9.4,Port,Earthy,0
83,Sauternes,7.4,0.47,2,0.086,73,0.997,0.57,9.1,Red,Balanced,0
84,Champagne,7.3,0.26,1.8,0.401,51,0.9969,1.14,9.4,Port,Earthy,1
85,Vin Santo,6.3,0.48,1.8,0.069,61,0.9959,0.78,10.3,Rose,Sweet,0
86,Eiswein,6.9,0.15,2.2,0.076,40,0.9961,0.59,10.1,Port,Balanced,0
87,Tokaji,8.6,0.28,1.9,0.11,136,0.9972,1.95,9.9,Rose,Earthy,1
88,Chardonnay,7.7,0.26,1.9,0.062,31,0.9966,0.64,9.6,Rose,Sour,0
89,Cabernet Sauvignon,9.3,0.44,2.1,0.107,125,0.9978,1.22,9.5,Port,Sour,0
90,Merlot,7,0.08,1.8,0.076,24,0.9978,0.53,9,Red,Earthy,1
91,Pinot Noir,7.9,0.26,1.9,0.079,140,0.9964,0.54,9.5,Port,,0
92,Zinfandel,8.6,0.28,1.9,0.11,136,0.9972,1.95,9.9,Red,Balanced,1
93,Sauvignon Blanc,8.6,0.29,2,0.11,133,0.9972,1.98,9.8,White,Earthy,0
94,Syrah,7.7,0.26,1.9,0.062,31,0.9966,0.64,9.6,Red,Sour,0
95,Malbec,5,0.04,1.4,0.045,85,0.9938,0.48,10.5,White,Bitter,0
96,Riesling,4.7,0.17,2.3,0.058,106,0.9932,0.6,12.9,Red,Balanced,0
97,Grenache,6.8,0,3,0.102,23,0.9965,0.56,10.7,Red,Sweet,0
98,Sangiovese,7,0.25,2,0.07,22,0.9963,0.63,9.2,Rose,Earthy,1
99,Tempranillo,7.6,0.06,2.5,0.079,10,0.9967,0.56,9.8,Port,Sweet,1
100,Moscato,8.1,0.18,1.9,0.08,35,0.9972,0.59,9,Red,Balanced,1
101,Chenin Blanc,8.3,0.3,2.1,0.084,50,0.9972,0.61,10.2,White,Balanced,1
102,Pinot Grigio,7.8,0.3,1.9,0.075,22,0.9959,0.56,10.4,Rose,Sweet,1
103,Viognier,,0.18,1.9,0.08,35,0.9972,0.59,9,Red,Earthy,0
104,Nebbiolo,8.1,0.22,2.1,0.077,65,0.9967,0.51,9.2,White,,1
105,Barbera,7.2,0.24,2.2,0.07,36,0.996,0.48,9.4,Rose,Sweet,1
106,Gamay,8.1,0.22,2.1,0.077,65,0.9967,0.51,9.2,Port,Earthy,0
107,Torrontes,7.8,0.68,1.7,0.467,69,0.9973,1.31,9.3,Rose,Earthy,1
108,Gruner Veltliner,6.2,0.31,1.7,0.088,64,0.9969,0.79,9.3,Red,Sour,1
109,Albarino,8,0.53,2.5,0.091,80,0.9976,0.8,9.6,Port,Balanced,1
110,Carmenere,8.1,0.52,2,0.122,153,0.9969,0.69,9.3,Port,Bitter,0
111,Petit Verdot,7.8,0.19,1.8,0.104,47,0.9964,0.93,9.5,Red,Sweet,0
112,Marsanne,8.4,0.09,2.2,0.084,108,0.9964,0.66,9.8,Port,Sour,1
113,Roussanne,8.4,0.1,2.2,0.085,111,0.9964,0.66,9.8,Rose,Earthy,0
114,Tannat,10.1,0.44,2.3,0.08,46,0.9988,0.67,9.7,Port,Sour,0
115,Carignan,7.8,0.19,1.8,0.104,47,0.9964,0.93,9.5,Rose,Sour,1
116,Verdejo,9.4,0.31,2.2,0.09,62,0.9966,0.63,10.5,White,Sour,1
117,Semillon,8.3,0.28,1.9,0.077,40,0.9978,0.61,10,Port,Bitter,0
118,Dolcetto,7.8,0.12,2,0.082,28,0.997,0.5,9.4,White,Earthy,0
119,Touriga Nacional,8.8,0.04,2.2,0.119,56,0.9962,0.6,10.9,White,Balanced,0
120,Lambrusco,7,0.08,1.8,0.097,89,0.9959,0.54,9.2,White,Sweet,1
121,Pedro Ximenez,7.3,0.09,1.7,0.178,89,0.9962,0.57,9,Port,Sour,0
122,Monastrell,8.8,0.04,2.2,0.119,56,0.9962,0.6,10.9,Red,Sour,1
123,Fiano,7.3,0,2.5,0.075,13,0.998,0.52,9.2,Port,Earthy,0
124,Prosecco,8,0,2.6,0.08,34,0.9976,0.53,9.5,Port,Sweet,0
125,Cava,7.8,0.17,1.6,0.082,102,0.996,0.48,9.5,White,Sweet,1
126,Madeira,9,0.04,1.9,0.146,90,0.9984,0.7,9.4,Port,Bitter,1
127,Port,8.2,0,1.7,0.081,12,0.9964,0.49,10.9,Port,Bitter,0
128,Shiraz,8.1,0,1.8,0.082,12,0.9964,0.48,10.9,Rose,Sour,1
129,Glera,8,0.16,1.8,0.065,16,0.9962,0.92,10.5,Rose,Sweet,0
130,Macabeo,6.1,0.15,1.8,0.072,19,0.9955,0.57,9.4,Red,Earthy,1
131,Moschofilero,8,0.56,2,0.118,134,0.9968,0.66,9.4,White,Sour,1
132,Assyrtiko,5.6,0.09,2.3,0.049,99,0.9937,0.63,13,Rose,Bitter,1
133,Agiorgitiko,5.6,0.09,2.3,0.049,99,0.9937,0.63,13,Rose,Sour,1
134,Aglianico,6.6,0.01,1.5,0.06,26,0.9952,0.58,9.8,White,Bitter,0
135,Verdelho,7.9,0.05,2.2,0.084,29,0.9959,0.55,9.9,White,Sour,0
136,Vermentino,8.4,0.11,1.9,0.09,63,0.9965,0.82,9.6,Port,Balanced,1
137,Gewurztraminer,8.3,0.15,1.8,0.089,52,0.9968,0.77,9.5,White,Sour,1
138,Primitivo,7.2,0.36,2,0.081,45,0.9972,0.64,9.2,Red,Bitter,1
139,Blaufrankisch,7.8,0.19,2.1,0.081,105,0.9962,0.54,9.5,Port,Sour,1
140,Txakolina,7.8,0.19,2,0.081,108,0.9962,0.54,9.5,Red,Balanced,0
141,Kerner,8.4,0.11,1.9,0.09,63,0.9965,0.82,9.6,Rose,Sweet,0
142,Aligote,8.3,0.15,1.8,0.089,52,,0.77,9.5,Rose,Balanced,1
143,Baga,5.2,0,1.8,0.05,63,0.9916,0.79,14,White,Balanced,1
144,Xinomavro,6.3,0.08,1.7,0.066,20,0.9954,0.58,9.4,Rose,Sweet,0
145,Negroamaro,5.2,0,1.8,0.05,63,0.9916,0.79,14,White,Earthy,1
146,Falanghina,8.1,0.55,1.8,0.117,141,0.9968,0.62,9.4,White,Sweet,1
147,Pecorino,5.8,0.02,1.8,0.087,94,0.9944,0.52,10,Port,Earthy,1
148,Loureiro,7.6,0.26,1.6,0.236,88,0.9968,0.8,9.3,Red,Sour,1
149,Godello,6.9,0.1,2.3,0.074,30,0.9959,0.58,10.2,Rose,,1
150,Trebbiano,8.2,0.44,2.8,0.089,43,0.9975,0.61,10.5,White,Bitter,1
151,Corvina,7.3,0.47,2.1,0.077,11,0.9958,0.53,10.3,Rose,Balanced,0
152,Cortese,9.2,1,3.4,0.61,69,0.9996,2,9.4,Rose,Sweet,0
153,Barolo,7.5,0.03,1.8,0.095,99,0.995,0.54,10.1,Red,Bitter,0
154,Barbaresco,7.5,0.03,1.8,0.095,99,0.995,0.54,10.1,Red,Sweet,0
155,Valpolicella,7.1,0.42,5.5,0.07,129,0.9973,0.72,10.5,White,Sweet,0
156,Rosso di Montalcino,7.1,0.42,5.5,0.071,128,0.9973,0.71,10.5,Red,Sour,1
157,Franciacorta,7.1,0.42,5.5,0.07,129,0.9973,0.72,10.5,Rose,Sweet,1
158,Chianti,7.1,0.42,5.5,0.071,128,0.9973,0.71,10.5,Rose,Sweet,0
159,Beaujolais,7.1,0,2.2,0.073,22,0.9969,0.5,9.3,Port,Sweet,1
160,Soave,6.8,0.18,1.9,0.079,86,0.9968,0.57,9.3,Red,Balanced,0
161,Orvieto,7.6,0.03,2,0.09,20,0.9959,0.56,9.6,Port,Sweet,0
162,Cote-Rotie,7.6,0.02,1.3,0.072,20,0.9965,1.08,9.2,Port,Sour,0
163,Chablis,7.8,0.04,1.7,0.076,31,0.9964,0.56,10,White,Earthy,0
164,Pouilly-Fuisse,7.4,0.26,7.3,0.07,121,0.9982,0.49,9.4,Rose,Bitter,1
165,Saint-Emilion,7.3,0.26,7.2,0.07,121,0.9981,0.49,9.4,Port,Sweet,1
166,Pauillac,7.8,0.48,1.7,0.1,96,0.9961,0.62,9.5,White,Earthy,0
167,Margaux,6.8,0.1,2.1,0.085,101,0.9956,0.52,10.2,Rose,Earthy,0
168,Graves,7.3,0.03,1.6,0.072,42,0.9956,0.48,9,White,Sour,1
169,Pomerol,6.8,0.07,2.1,0.089,44,0.9953,0.55,10.4,White,Bitter,1
170,Sauternes,7.5,0.24,1.8,0.36,63,0.9964,1.59,9.5,Red,Sweet,0
171,Champagne,7.9,0.03,1.8,0.058,8,0.9972,0.33,9.1,Port,Bitter,1
172,Vin Santo,8,0.17,2,0.073,18,0.9972,0.61,9.2,White,Sour,1
173,Eiswein,8,0.17,2,0.073,18,0.9972,0.61,9.2,Rose,Sweet,1
174,Tokaji,7.4,0.05,1.9,0.068,42,0.9961,0.57,11.5,White,Balanced,1
175,Chardonnay,7.3,0.21,2,0.08,35,0.9961,0.47,9.5,Rose,Sour,1
176,Cabernet Sauvignon,6.9,0.04,1.5,0.085,49,0.9958,0.78,9.5,Port,Balanced,0
177,Merlot,7.3,0.21,2,0.08,35,0.9961,0.47,9.5,White,Earthy,0
178,Pinot Noir,7.5,0.42,2.3,0.087,38,0.9972,0.61,10.5,White,Bitter,0
179,Zinfandel,7,0,2.5,0.068,20,0.9969,0.56,9.6,Rose,Balanced,0
180,Sauvignon Blanc,8.8,0.14,2.4,0.067,42,0.9969,0.59,9.5,Rose,Earthy,0
181,Syrah,8.8,0.14,2.4,0.067,42,0.9969,0.59,9.5,Red,Earthy,0
182,Malbec,8.9,0.49,2,0.27,110,0.9972,1.02,9.3,Port,Sour,0
183,Riesling,7.2,0.02,2.5,0.076,42,0.9972,0.52,9.3,Port,Sour,1
184,Grenache,6.8,0.2,1.8,0.077,65,0.9971,0.58,9.3,Red,Bitter,0
185,Sangiovese,6.7,0.21,1.9,0.079,62,0.997,0.58,9.3,Port,Earthy,1
186,Tempranillo,8.9,0.57,2,0.111,85,0.9971,0.53,9.7,Rose,Bitter,1
187,Moscato,7.4,0.48,2,0.082,67,0.9972,0.55,9.2,Red,Sour,0
188,Chenin Blanc,7.7,0.1,2.6,0.084,26,0.9976,0.49,9.7,Rose,Balanced,0
189,Pinot Grigio,7.9,0.33,2,0.084,,0.9968,0.55,9.5,Red,Sweet,1
190,Viognier,7.9,0.32,1.9,0.082,144,0.9968,0.55,9.5,White,Sweet,0
191,Nebbiolo,8.2,0.35,2.9,0.077,127,0.9976,0.62,9.4,White,Sweet,1
192,Barbera,6.4,0.25,1.9,0.074,49,0.9974,0.62,9.8,Rose,Bitter,0
193,Gamay,6.8,0.12,3.8,0.099,126,0.9969,0.61,9.5,White,Sour,1
194,Torrontes,7.6,0.21,2.2,0.071,28,0.9964,0.55,9.7,Rose,Earthy,0
195,Gruner Veltliner,7.6,0.21,2.2,0.071,28,0.9964,0.55,9.7,Red,Balanced,0
196,Albarino,7.8,0.33,2,0.074,120,0.9968,0.54,9.4,White,Bitter,0
197,Carmenere,7.3,0.3,2.4,0.074,55,0.9968,0.59,10.2,Red,Earthy,1
198,Petit Verdot,11.5,0.6,2,0.067,27,0.9981,0.97,10.1,Port,Sour,0
199,Marsanne,5.4,0.08,1.2,0.046,93,0.9924,0.85,13,White,Balanced,0
200,Roussanne,6.9,0.06,2.1,0.061,31,0.9948,0.43,11.4,Red,Earthy,0
201,Tannat,9.6,0.47,1.4,0.056,24,0.99695,0.82,10.3,White,Earthy,1
202,Carignan,8.8,0.48,2.1,0.097,145,0.9975,1.03,9.3,Red,Earthy,0
203,Verdejo,6.8,0.11,1.5,0.075,49,0.99545,0.79,9.5,Port,Bitter,1
204,Semillon,7,0.35,1.6,0.088,39,0.9961,0.55,9.2,Rose,Sweet,1
205,Dolcetto,7,0.36,1.6,0.089,37,0.99615,0.56,9.2,White,Sweet,0
206,Touriga Nacional,12.8,0.74,2.6,0.095,28,0.9994,0.77,10.8,White,Earthy,1
207,Lambrusco,12.8,0.74,2.6,0.095,28,0.9994,0.77,10.8,Red,Balanced,1
208,Pedro Ximenez,7.8,0.31,1.8,0.069,120,0.99625,0.53,9.3,White,Balanced,0
209,Monastrell,7.8,0.28,2.7,0.1,95,0.9966,0.67,9.4,White,Sour,1
210,Fiano,11,0.58,2.1,0.054,19,0.998,0.88,10.5,Port,Sweet,1
211,Prosecco,9.7,0.6,2,0.039,19,0.99585,0.86,12.4,Red,Balanced,1
212,Cava,8,0.24,2.8,0.083,62,0.99685,0.56,10,Rose,Bitter,0
213,Madeira,11.6,0.64,2.1,0.059,15,0.998,0.67,10.2,Rose,Bitter,1
214,Port,8.2,0.26,2.2,0.06,65,0.9959,0.43,10.1,White,Bitter,1
215,Shiraz,7.8,0.08,2.4,0.092,41,0.9974,0.71,9.8,Rose,Sour,0
216,Glera,7,0.49,5.6,0.06,121,0.9974,0.76,10.5,Red,Bitter,0
217,Macabeo,8.7,0.16,2,0.101,49,0.9962,0.57,11,White,Bitter,0
218,Moschofilero,8.1,0.22,2.2,0.072,41,0.9967,0.55,9.1,White,Earthy,1
219,Assyrtiko,7.5,0.19,1.9,0.076,44,0.9957,0.54,9.7,White,Balanced,1
220,Agiorgitiko,7.8,0.33,2.4,0.08,144,0.99655,0.6,9.5,White,Sweet,1
221,Aglianico,7.8,0.37,2,0.082,58,0.9964,0.59,9.4,White,Sweet,1
222,Verdelho,7.4,0.26,2,0.101,72,0.9957,0.57,9.4,Red,Sweet,0
223,Vermentino,6.8,0.04,1.5,0.057,10,0.99525,0.6,9.5,Port,Bitter,1
224,Gewurztraminer,8.6,0.25,2,0.083,28,0.99815,0.6,10,Red,Balanced,1
225,Primitivo,8.4,0.36,2,0.089,55,0.99745,0.57,10.4,White,Sour,1
226,Blaufrankisch,7.7,0.25,2.6,0.073,63,0.99615,0.58,10.5,Port,Balanced,0
227,Txakolina,8.9,0.5,2,0.337,81,0.9964,1.61,9.5,Red,Sour,1
228,Kerner,9,0.14,2.6,0.089,23,0.9984,0.63,9.8,White,Sweet,1
229,Aligote,7.7,0.25,2.6,0.073,63,0.99615,0.58,10.5,Rose,Sweet,0
230,Baga,6.9,0.25,2.6,0.081,37,0.99685,0.5,11,Red,Balanced,1
231,Xinomavro,5.2,0.04,1.6,0.054,106,0.9927,0.62,12.2,Rose,Earthy,0
232,Negroamaro,8,0.06,1.8,0.078,49,0.99625,0.52,9.9,White,Sour,0
233,Falanghina,8.5,0.2,2.8,0.09,58,0.998,0.7,9.6,Red,Bitter,0
234,Pecorino,6.9,0.25,2.6,0.081,37,0.99685,0.5,11,White,Balanced,1
235,Loureiro,8.2,0.09,2.3,0.065,37,0.99685,0.55,9,Port,Bitter,0
236,Godello,7.2,0,1.9,0.097,38,0.99675,0.58,9,Port,Earthy,0
237,Trebbiano,7.2,0,1.9,0.097,38,0.99675,0.58,9,Rose,Earthy,0
238,Corvina,7.2,0,1.9,0.097,39,0.99675,0.58,9.2,Rose,Sweet,0
239,Cortese,7.2,0,1.9,0.097,38,0.99675,0.58,9,Port,Bitter,1
240,Barolo,8.2,0.09,2.3,0.065,37,0.99685,0.55,9,Port,Sweet,0
241,Barbaresco,8.9,0.37,1.7,0.263,62,0.9971,1.09,9.3,Port,Balanced,1
242,Valpolicella,12,0.56,2.1,0.093,24,0.99925,0.71,10.9,Port,Sour,0
243,Rosso di Montalcino,7.7,0.1,1.8,0.102,109,0.99565,0.49,9.8,Red,Earthy,1
244,Franciacorta,15,0.44,2.2,0.075,24,1.00005,0.84,9.2,White,Earthy,1
245,Chianti,15,0.44,2.2,0.075,24,1.00005,0.84,9.2,Rose,Earthy,0
246,Beaujolais,7.3,0,2,0.084,23,0.9983,0.96,9.9,Rose,Sweet,1
247,Soave,7.1,0.07,1.9,0.075,51,0.99685,0.52,9.5,Red,Bitter,1
248,Orvieto,8.2,0.17,2.3,0.072,73,0.9963,0.45,9.3,Rose,Sweet,1
249,Cote-Rotie,7.7,0.06,1.7,0.074,39,0.99615,0.48,9.8,Rose,Sour,0
250,Chablis,7.3,0,2,0.084,23,0.9983,0.96,9.9,Red,Bitter,1
251,Pouilly-Fuisse,10.8,0.44,1.6,0.063,37,0.9985,0.78,10,Port,Balanced,0
252,Saint-Emilion,7.1,0,1.8,0.074,34,0.9972,0.7,9.9,Rose,Earthy,0
253,Pauillac,11.1,0.48,3.1,0.09,21,0.9986,0.53,10.5,White,Sour,0
254,Margaux,7.7,0.42,1.9,0.092,86,0.9959,0.59,9.5,Port,Earthy,1
255,Graves,7.1,0,1.8,0.074,34,0.9972,0.7,9.9,White,Earthy,1
256,Pomerol,8,0.23,3.2,0.073,119,0.99675,0.57,9.3,Rose,Bitter,0
257,Sauternes,9.4,0.37,2.2,0.075,13,0.998,0.62,9.2,Red,Balanced,0
258,Champagne,6.6,0,2.1,0.075,56,0.9968,0.67,9.2,Rose,Bitter,0
259,Vin Santo,7.7,0.76,1.8,0.611,45,0.9968,1.26,9.4,Rose,Bitter,1
260,Eiswein,10,0.47,2.6,0.085,33,0.99965,0.8,10.5,White,Balanced,0
261,Tokaji,7.9,0.23,1.7,0.077,45,0.99625,0.65,9.3,Red,Bitter,0
262,Chardonnay,7,0.04,2,0.087,67,0.99565,0.6,9.4,Port,Bitter,1
263,Cabernet Sauvignon,8,0.03,1.7,0.07,35,0.99575,0.57,10,Red,Bitter,1
264,Merlot,7.9,0.23,1.8,0.077,49,0.9963,0.67,9.3,Port,Bitter,0
265,Pinot Noir,12.5,0.49,2.4,0.064,27,0.9999,0.87,10.9,Rose,Balanced,0
266,Zinfandel,11.8,0.52,1.8,0.071,10,0.9968,0.72,10.2,White,Earthy,1
267,Sauvignon Blanc,8.1,0,3.3,0.096,61,1.00025,0.72,9.8,Rose,Earthy,1
268,Syrah,7.9,0.46,3.6,0.078,37,0.9973,0.86,12.8,Rose,Sweet,1
269,Malbec,6.9,0.04,3,0.077,27,0.9987,0.91,9.4,White,Sweet,0
270,Riesling,11.5,0.51,4,0.104,23,0.9996,0.97,10.1,Port,Balanced,1
271,Grenache,7.9,0.06,4,0.087,61,0.9965,0.67,10.7,Red,Bitter,0
272,Sangiovese,11.5,0.51,4,0.104,23,0.9996,0.97,10.1,Port,Sweet,1
273,Tempranillo,10.9,0.58,4,0.071,65,0.99935,0.78,10.1,Rose,Bitter,1
274,Moscato,8.4,0.2,2.4,0.076,38,0.99735,0.64,9.4,Red,Balanced,1
275,Chenin Blanc,7.5,0.18,7,0.088,94,0.99915,0.77,9.4,White,Sweet,1
276,Pinot Grigio,7.9,0.06,4,0.087,61,0.9965,0.67,10.7,Rose,Sweet,0
277,Viognier,6.9,0.04,3,0.077,27,0.9987,0.91,9.4,Rose,Balanced,1
278,Nebbiolo,11.5,0.51,4,0.104,23,0.9996,0.97,10.1,White,Balanced,1
279,Barbera,10.3,0.45,6.4,0.073,13,0.9976,0.82,12.6,White,Sweet,0
280,Gamay,8.9,0.32,5.6,0.087,47,0.9991,0.77,10.5,Port,Earthy,1
281,Torrontes,11.4,0.44,3.6,0.071,19,0.9986,0.82,9.3,Red,Sweet,1
282,Gruner Veltliner,7.7,0.68,3.5,0.358,10,0.9972,1.08,9.9,White,Earthy,0
283,Albarino,7.6,0.12,3,0.067,53,0.9971,0.57,9.1,Port,Earthy,1
284,Carmenere,8.9,0.32,5.6,0.087,47,0.9991,0.77,10.5,White,Sweet,1
285,Petit Verdot,9.9,0.07,3.4,0.102,71,1.00015,0.71,9.8,Red,Sour,0
286,Marsanne,9.9,0.07,3.4,0.102,71,1.00015,0.71,9.8,White,Balanced,1
287,Roussanne,12,0.55,2,0.073,49,0.9997,0.76,10.3,White,Balanced,1
288,Tannat,7.5,0.12,3,0.092,53,0.9967,0.7,10.3,Red,Bitter,1
289,Carignan,8.7,0.09,2.5,0.091,49,0.9976,0.86,10.6,Rose,Balanced,1
290,Verdejo,11.6,0.53,3.3,0.105,98,1.001,0.95,9.2,Port,Balanced,1
291,Semillon,8.7,0.09,2.5,0.091,49,0.9976,0.86,10.6,White,Earthy,1
292,Dolcetto,11,0.48,2,0.343,18,0.9979,0.71,10.5,Red,Sour,1
293,Touriga Nacional,10.4,0.23,2.7,0.091,48,0.9994,0.64,10.3,Port,Balanced,1
294,Lambrusco,6.9,0.25,2.4,0.098,16,0.9964,0.6,10.1,Port,Earthy,0
295,Pedro Ximenez,13.3,0.52,3.2,0.094,53,1.0014,0.81,9.5,Rose,Sour,1
296,Monastrell,10.8,0.46,2.5,0.073,27,1.0001,0.64,9.5,Rose,Sweet,1
297,Fiano,10.6,0.37,2.6,0.086,70,0.9981,0.52,9.9,White,Sweet,0
298,Prosecco,7.1,0.06,2,0.083,29,0.99855,0.73,9.6,White,Bitter,1
299,Cava,7.2,0.02,2.3,0.094,31,0.9993,0.8,9.7,Rose,Bitter,0
300,Madeira,6.9,0.06,2.1,0.08,33,0.99845,0.71,9.6,White,Balanced,0
301,Port,7.5,0.06,2.6,0.086,44,0.9965,0.59,10.7,Red,Sweet,0
302,Shiraz,11.1,0.48,1.5,0.068,15,0.9973,0.64,10.1,Rose,Sour,0
303,Glera,8.3,0.12,2.6,0.092,28,0.9994,0.72,10,Rose,Sweet,1
304,Macabeo,7.4,0.12,1.6,0.186,21,0.996,0.54,9.5,White,Balanced,1
305,Moschofilero,8.4,0.6,2.1,0.112,90,0.9973,0.52,9.2,White,Earthy,0
306,Assyrtiko,10.3,0.48,2.5,0.063,25,0.9998,0.59,9.3,Port,Earthy,0
307,Agiorgitiko,7.6,0.32,2.2,0.082,54,0.9966,0.52,9.4,Port,Balanced,1
308,Aglianico,10.3,0.42,2.4,0.213,14,0.9994,0.62,9.5,Rose,Balanced,0
309,Verdelho,10.3,0.44,2.4,0.214,12,0.9994,0.63,9.5,Port,Sweet,1
310,Vermentino,7.4,0.38,1.7,0.062,30,0.9968,0.53,9.5,Rose,Earthy,0
311,Gewurztraminer,10.3,0.48,2.5,0.063,25,0.9998,0.59,9.3,White,Bitter,0
312,Primitivo,7.9,0.24,2,0.072,105,0.996,0.54,9.4,Port,Earthy,0
313,Blaufrankisch,9,0.31,2.8,0.093,98,0.99815,0.63,9.5,Rose,Sour,1
314,Txakolina,8.6,0.3,3,0.076,135,0.9976,0.53,9.4,Red,Earthy,1
315,Kerner,7.4,0.29,2.6,0.087,72,0.99645,0.68,11,Red,Bitter,1
316,Aligote,7.1,0.29,2.5,0.096,53,0.9962,0.65,11,Rose,Earthy,1
317,Baga,9.6,0.23,3.4,0.102,92,0.9996,0.65,10.1,Red,Sweet,0
318,Xinomavro,9.6,0.12,2.9,0.082,74,0.99865,0.64,10.4,Rose,Balanced,0
319,Negroamaro,9.8,0.39,3.2,0.083,59,0.9989,0.71,11.5,White,Earthy,1
320,Falanghina,9.6,0.12,2.9,0.082,74,0.99865,0.64,10.4,Rose,Earthy,0
321,Pecorino,9.8,0.39,3.2,0.083,59,0.9989,0.71,11.5,White,Bitter,1
322,Loureiro,9.3,0.26,3.4,0.09,87,0.99975,0.62,9.7,Rose,Bitter,0
323,Godello,7.8,0.05,2.3,0.079,18,0.99735,0.63,9.3,Port,Earthy,1
324,Trebbiano,10.3,0.42,2.8,0.09,73,0.999,0.7,9.5,Rose,Earthy,0
325,Corvina,10,0.2,11,0.071,50,1.0015,0.69,9.2,Red,Balanced,0
326,Cortese,10,0.2,11,0.071,50,1.0015,0.69,9.2,Port,Sour,0
327,Barolo,11.6,0.66,3.65,0.121,14,0.9978,0.74,11.5,White,Sweet,0
328,Barbaresco,10.3,0.5,4.5,0.107,13,0.998,0.83,11.5,Red,Balanced,0
329,Valpolicella,13.4,0.62,2.6,0.082,21,1.0002,0.67,9.7,Rose,Sour,0
330,Rosso di Montalcino,10.7,0.39,2,0.061,15,0.9981,0.62,9.5,Port,Bitter,1
331,Franciacorta,10.2,0.64,2.9,0.122,41,0.998,0.66,12.5,Port,Sour,1
332,Chianti,10.2,0.64,2.9,0.122,41,0.998,0.66,12.5,Rose,Balanced,0
333,Beaujolais,8,0.28,3.2,0.066,114,0.9973,0.54,9.4,Port,Earthy,0
334,Soave,8.4,0.08,2.1,0.105,44,0.9958,0.52,11,Red,Bitter,0
335,Orvieto,7.9,0.01,2.5,0.078,38,0.9963,0.74,11.7,Rose,Bitter,0
336,Cote-Rotie,11.9,0.53,3.4,0.128,21,0.9992,0.84,12.2,Rose,Balanced,1
337,Chablis,8.9,0.45,1.9,0.052,16,0.9948,0.7,12.5,Port,Balanced,1
338,Pouilly-Fuisse,7.8,0.32,2.8,0.08,58,0.9974,0.64,10.3,Rose,Balanced,0
339,Saint-Emilion,12.4,0.58,3,0.103,99,1.0008,1,11.5,White,Bitter,1
340,Pauillac,12.5,0.54,2.3,0.082,29,0.9997,1.36,9.8,White,Balanced,1
341,Margaux,12.2,0.5,2.4,0.066,21,1,1.18,9.2,Red,Earthy,1
342,Graves,10.6,0.48,2.7,0.065,18,0.9972,0.87,11.3,Red,Balanced,0
343,Pomerol,10.9,0.47,1.8,0.118,14,0.9982,0.75,9.8,White,Sour,0
344,Sauternes,10.9,0.47,1.8,0.118,14,0.9982,0.75,9.8,Rose,Bitter,1
345,Champagne,11.9,0.5,2.6,0.082,32,1.0006,0.78,10.7,Red,Earthy,0
346,Vin Santo,7,0,1.9,0.067,63,0.9979,0.81,9.9,Rose,Earthy,1
347,Eiswein,6.6,0.02,2.7,0.072,34,0.9955,0.89,12.3,White,Earthy,0
348,Tokaji,13.8,0.67,3,0.093,15,0.9986,0.93,12,Red,Bitter,0
349,Chardonnay,9.6,0.31,2.8,0.089,46,0.9979,0.92,10,Port,Sweet,1
350,Cabernet Sauvignon,9.1,0,2.6,0.093,28,0.9994,0.86,9.4,Red,Bitter,1
351,Merlot,10.7,0.22,2.7,0.107,34,1.0004,0.98,9.9,White,Sour,1
352,Pinot Noir,9.1,0,2.6,0.096,26,0.9994,0.83,9.4,Rose,Sweet,0
353,Zinfandel,7.7,0,2.4,0.09,19,0.9974,0.73,9.3,White,Sweet,1
354,Sauvignon Blanc,13.5,0.79,4.8,0.12,77,1.0018,0.77,13,White,Bitter,1
355,Syrah,6.1,0.4,1.4,0.066,165,0.9912,0.59,11.9,Red,Earthy,1
356,Malbec,6.7,0.01,2.4,0.078,32,0.9955,0.61,12.8,Red,Bitter,1
357,Riesling,11.5,0.52,3,0.08,55,1.0001,0.88,11,Port,Sweet,0
358,Grenache,10.5,0.66,2.95,0.116,29,0.997,0.75,11.7,Red,Earthy,1
359,Sangiovese,11.9,0.66,3.1,0.109,23,1,0.85,10.4,Port,Earthy,1
360,Tempranillo,12.6,0.66,2.6,0.088,41,1.001,0.68,9.8,Rose,Sour,1
361,Moscato,8.2,0.23,2,0.099,81,0.9973,0.7,9.4,Red,Earthy,0
362,Chenin Blanc,8.6,0.31,2.6,0.086,,0.9982,0.91,9.9,Port,Earthy,0
363,Pinot Grigio,11.9,0.66,2.5,0.072,37,0.9992,0.56,10,White,Earthy,1
364,Viognier,12.5,0.63,2,0.071,15,0.9988,0.87,10.2,White,Sweet,0
365,Nebbiolo,12.8,0.66,5.8,0.083,42,1.0022,0.73,10,Red,Sweet,1
366,Barbera,10,0.5,3.4,0.107,21,0.9979,0.93,11.8,Rose,Sour,0
367,Gamay,12.8,0.66,5.8,0.083,42,1.0022,0.73,10,White,Sour,0
368,Torrontes,10.4,0.61,2.6,0.076,24,1,0.69,9,Red,Earthy,0
369,Gruner Veltliner,10.3,0.52,2.8,0.159,75,0.9998,0.64,9.4,Port,Balanced,0
370,Albarino,9.4,0.53,2.4,0.074,18,0.9962,1.13,12,Red,Balanced,1
371,Carmenere,6.9,0.02,2.3,0.063,63,0.9975,0.78,9.9,Rose,Sweet,0
372,Petit Verdot,7.9,0.4,1.6,0.056,25,0.9967,0.87,8.7,Rose,Balanced,0
373,Marsanne,9.1,0.48,1.8,0.067,46,0.9967,1.04,10.6,White,Balanced,0
374,Roussanne,7.4,0.22,2.2,0.106,72,0.9959,0.63,9.2,White,Earthy,1
375,Tannat,14,0.63,3.8,0.089,47,1.0014,0.81,10.8,Port,Bitter,0
376,Carignan,11.5,0.71,4.4,0.124,15,0.9984,0.83,11.8,Red,Balanced,0
377,Verdejo,11.5,0.5,3,0.078,47,1.0003,1.11,11,Port,Sour,1
378,Semillon,9.4,0.53,2.4,0.074,18,0.9962,1.13,12,Port,Balanced,1
379,Dolcetto,11.4,0.66,6.2,0.088,24,0.9988,0.99,13.3,Port,Sweet,0
380,Touriga Nacional,8.3,0.38,2.5,0.094,60,0.9979,0.7,10.8,Red,Bitter,0
381,Lambrusco,8.3,0.42,2,0.08,27,0.9974,0.8,9.4,Red,Bitter,0
382,Pedro Ximenez,13.7,0.68,2.9,0.085,43,1.0014,0.8,10,Red,Balanced,1
383,Monastrell,8.3,0.42,2,0.08,27,0.9974,0.8,9.4,White,Sweet,0
384,Fiano,8.3,0.42,2,0.08,27,0.9974,0.8,9.4,Rose,Bitter,1
385,Prosecco,7.7,0.28,2.1,0.087,54,0.998,0.74,9.2,Rose,Sour,0
386,Cava,7.4,0.07,2.4,0.09,37,0.9979,0.76,9.7,Red,Bitter,1
387,Madeira,7.8,0.26,2,0.088,48,0.9981,0.74,9.2,White,Sour,1
388,Port,8.3,0.15,1.9,0.079,42,0.9972,0.54,9.6,White,Sour,1
389,Shiraz,7.8,0.26,1.9,0.088,53,0.9981,0.74,9.2,White,Sour,1
390,Glera,9.6,0.31,2.5,0.096,49,0.9982,0.7,10,Rose,Balanced,0
391,Macabeo,5.6,0.05,1.4,0.045,88,0.9924,0.82,12.9,White,Bitter,1
392,Moschofilero,13.7,0.68,2.9,0.085,43,1.0014,0.8,10,White,Earthy,0
393,Assyrtiko,9.5,0.52,2,0.082,26,0.998,0.51,9.5,Port,Earthy,0
394,Agiorgitiko,8.4,0.61,2,0.112,95,0.997,0.54,9.1,Rose,Earthy,0
395,Aglianico,12.7,0.65,2.3,0.063,25,0.9997,0.57,9.9,Rose,Earthy,1
396,Verdelho,12,0.76,4.2,0.066,38,1.0004,0.6,13,Port,Bitter,1
397,Vermentino,6.6,0.02,7.9,0.122,124,0.9994,0.53,9.9,Port,Bitter,1
398,Gewurztraminer,11.5,0.59,2.6,0.087,49,0.9988,0.65,11,Port,Balanced,0
399,Primitivo,11.5,0.59,2.6,0.087,49,0.9988,0.65,11,Rose,Sour,1
400,Blaufrankisch,8.7,0.22,2.3,0.064,42,0.9963,0.55,9.4,Red,Balanced,1
401,Txakolina,6.6,0.02,7.9,0.122,124,0.9994,0.53,9.9,White,Balanced,1
402,Kerner,7.7,0.3,1.7,0.059,38,0.9949,0.47,10.8,Port,Bitter,0
403,Aligote,12.2,0.54,2.6,0.085,64,1,0.61,10.5,Red,Bitter,0
404,Baga,11.4,0.49,2.7,0.085,41,0.9994,0.63,10.5,White,Bitter,0
405,Xinomavro,7.7,0.05,2.7,0.075,27,0.9974,0.61,9.1,White,Earthy,0
406,Negroamaro,8.7,0.46,1.4,0.059,25,0.9966,0.76,10.1,White,Sweet,1
407,Falanghina,9.8,0.47,2.5,0.063,28,0.9981,0.65,10.8,White,Bitter,0
408,Pecorino,12,0.66,3,0.093,30,0.9996,0.63,10.8,Red,Sweet,0
409,Loureiro,10.4,0.58,3.7,0.174,16,0.997,0.7,11.3,White,Sweet,1
410,Godello,12.5,0.49,4.5,0.07,49,0.9981,0.57,9.6,White,Balanced,0
411,Trebbiano,9,0.34,2.5,0.08,86,0.9987,0.62,9.5,Port,Sour,1
412,Corvina,9.1,0.35,2.4,0.08,78,0.9987,0.62,9.5,White,Bitter,0
413,Cortese,7.1,0.16,1.9,0.1,77,0.9966,0.64,9.3,Red,Sweet,1
414,Barolo,9.9,0.53,6.7,0.097,19,0.9986,0.82,11.7,White,Sour,1
415,Barbaresco,8.8,0.34,2.7,0.087,122,0.9982,0.61,9.5,Red,Sour,0
416,Valpolicella,8.6,0.24,6.6,0.117,134,1.0014,1.07,9.3,Rose,Sweet,0
417,Rosso di Montalcino,10.6,0.64,2.2,0.111,20,0.997,0.66,11.7,Port,Sour,0
418,Franciacorta,7,0.12,1.9,0.091,124,0.9956,0.48,10.5,White,Earthy,1
419,Chianti,11.9,0.51,2,0.121,20,0.9996,0.76,10.4,White,Earthy,0
420,Beaujolais,6.8,0,1.8,0.066,52,0.9976,0.68,9.9,Port,Bitter,1
421,Soave,9.5,0.33,2.4,0.089,67,0.9972,0.73,11.8,White,Bitter,0
422,Orvieto,6.6,0.03,2.3,0.059,48,0.9952,0.56,12.3,Red,Bitter,0
423,Cote-Rotie,7.7,0.2,2,0.047,60,0.9955,0.44,10.9,White,Sweet,1
424,Chablis,10.5,0.47,2.1,0.066,24,0.9978,0.9,11,Red,Balanced,1
425,Pouilly-Fuisse,7.7,0.2,2,0.047,60,0.9955,0.44,10.9,Port,Sweet,0
426,Saint-Emilion,6.6,0.03,2.3,0.059,48,0.9952,0.56,12.3,White,Balanced,1
427,Pauillac,6.4,0.08,2.1,0.045,48,0.9949,0.49,11.4,Port,Sweet,0
428,Margaux,9.5,0.22,1.9,0.077,32,0.9988,0.56,10.6,Red,Earthy,1
429,Graves,9.1,0.33,1.3,0.07,30,0.9978,0.6,9.3,Rose,Balanced,1
430,Pomerol,12.8,0.63,2.4,0.088,35,0.9997,0.6,10.4,Red,Earthy,1
431,Sauternes,10.5,0.47,2.1,0.066,24,0.9978,0.9,11,Rose,Bitter,1
432,Champagne,7.8,0.35,2.2,0.074,66,0.9974,0.56,9.2,Rose,Earthy,0
433,Vin Santo,11.9,0.69,2.3,0.078,24,0.9958,0.65,12.8,Red,Bitter,1
434,Eiswein,12.3,0.63,2.3,0.091,18,1.0004,0.49,9.5,Rose,Sweet,0
435,Tokaji,10.4,0.55,3.2,0.076,54,0.9996,0.89,9.9,Red,Bitter,1
436,Chardonnay,12.3,0.63,2.3,0.091,18,1.0004,0.49,9.5,Red,Earthy,0
437,Cabernet Sauvignon,8,0.3,2,0.06,62,0.9958,0.56,10.2,White,Balanced,1
438,Merlot,11.1,0.73,3.2,0.066,22,0.9986,0.66,11.2,Red,Earthy,1
439,Pinot Noir,10.4,0.55,3.2,0.076,54,0.9996,0.89,9.9,Port,Sour,0
440,Zinfandel,7,0.18,1.5,0.062,50,0.9951,0.6,9.3,Red,Balanced,0
441,Sauvignon Blanc,12.6,0.72,2.2,0.072,29,0.9987,0.82,9.8,Rose,Bitter,1
442,Syrah,11.9,0.65,2.15,0.068,27,0.9988,0.68,11.3,Rose,Sour,1
443,Malbec,15.6,0.76,3.7,0.1,43,1.0032,0.68,11.2,Port,Sour,0
444,Riesling,10,0.49,2.7,0.077,19,0.9963,0.63,11.6,White,Sweet,0
445,Grenache,5.3,0.01,1.7,0.054,27,0.9934,0.84,12.5,White,Bitter,0
446,Sangiovese,9.5,0.1,2.1,0.079,31,0.9986,0.56,10.1,Rose,Earthy,0
447,Tempranillo,12.5,0.6,2.6,0.081,72,0.9996,0.73,10.5,White,Sour,1
448,Moscato,9.3,0.29,2.1,0.127,16,0.9968,0.72,11.2,Port,Sour,1
449,Chenin Blanc,8.6,0.22,2,0.1,27,0.9967,0.56,10.2,Red,Sour,1
450,Pinot Grigio,11.9,0.69,2.8,0.095,35,0.9994,0.61,10.8,Red,Sour,0
451,Viognier,11.9,0.69,2.8,0.095,35,0.9994,0.61,10.8,Rose,Bitter,1
452,Nebbiolo,8.4,0.53,1.8,0.413,26,0.9979,1.06,9.1,Rose,Bitter,0
453,Barbera,6.8,0.03,1.7,0.084,35,0.9968,0.63,10,Red,Sour,1
454,Gamay,10.4,0.63,2.8,0.084,22,0.9998,0.74,11.2,Port,Sweet,1
455,Torrontes,7,0.4,1.6,0.063,67,0.9952,0.63,11.1,Port,Earthy,0
456,Gruner Veltliner,11.3,0.67,5.2,0.086,19,0.9988,0.69,13.4,Rose,Sweet,1
457,Albarino,8.9,0.39,2.3,0.095,22,0.9986,0.58,10.3,Red,Sweet,0
458,Carmenere,9.2,0.21,2.7,0.097,65,0.9988,0.58,9.6,Port,Sweet,0
459,Petit Verdot,10.4,0.63,2.8,0.084,22,0.9998,0.74,11.2,White,Bitter,0
460,Marsanne,11.6,0.66,2.2,0.074,47,1.0008,0.57,9,Red,Earthy,1
461,Roussanne,9.2,0.52,2.3,0.083,23,0.9976,0.61,11.3,White,Earthy,0
462,Tannat,8.3,0.22,2.6,0.087,19,0.9982,0.61,9.3,White,Sour,0
463,Carignan,11,0.68,2.55,0.085,25,0.997,0.61,11.8,Red,Earthy,1
464,Verdejo,8.1,0.7,2.2,0.098,129,0.9972,0.53,9,White,Bitter,0
465,Semillon,11.5,0.54,2.1,0.084,15,0.9987,0.7,9.2,Red,Bitter,1
466,Dolcetto,10,0.4,2.9,0.098,26,1.0006,0.91,9.7,Port,Sweet,0
467,Touriga Nacional,10.3,0.42,2,0.069,51,0.9982,0.72,11.5,Rose,Balanced,0
468,Lambrusco,8.8,0.45,2.6,0.065,18,0.9947,0.79,14,Port,Earthy,0
469,Pedro Ximenez,11.4,0.69,2.1,0.09,21,1,0.62,9.2,White,Balanced,0
470,Monastrell,8.7,0.02,1.2,0.07,48,0.9952,0.58,9.8,Red,Sour,0
471,Fiano,13,0.65,2.6,0.093,47,0.9996,0.61,10.6,White,Sour,0
472,Prosecco,9.6,0.42,2.4,0.081,52,0.997,0.71,11.4,Port,Earthy,0
473,Cava,12.5,0.55,2.6,0.083,68,0.9995,0.82,10.4,Port,Balanced,0
474,Madeira,9.9,0.55,2.1,0.062,14,0.9971,0.79,10.6,Rose,Sour,0
475,Port,10.5,0.51,1.7,0.08,24,0.9982,0.89,9.4,Port,Balanced,1
476,Shiraz,9.6,0.24,2.2,0.087,28,0.9988,0.6,10.2,White,Balanced,0
477,Glera,9.3,0.41,2,0.091,16,0.998,0.7,9.7,Rose,Sweet,1
478,Macabeo,10.4,0.49,1.8,0.075,20,0.9977,1.06,11,White,Balanced,1
479,Moschofilero,9.6,0.24,2.2,0.087,28,0.9988,0.6,10.2,Port,Bitter,1
480,Assyrtiko,9.4,0.11,2.7,0.077,31,0.9984,0.7,10.1,White,Sweet,0
481,Agiorgitiko,10.6,0.39,15.5,0.069,23,1.0026,0.66,9.2,Rose,Sour,0
482,Aglianico,9.4,0.56,2.8,0.08,17,0.9964,0.92,11.7,Red,Sweet,1
483,Verdelho,10.6,0.59,2.2,0.152,18,0.9986,1.05,9.4,Port,Sour,0
484,Vermentino,10.6,0.6,2.2,0.152,18,0.9986,1.06,9.4,White,Sweet,1
485,Gewurztraminer,10.6,0.68,4.1,0.114,24,0.997,0.66,13.4,Rose,Bitter,0
486,Primitivo,10.2,0.39,1.9,0.054,17,0.9976,0.47,10,Rose,Bitter,0
487,Blaufrankisch,10.2,0.39,1.9,0.054,17,0.9976,0.47,10,Red,Sour,0
488,Txakolina,10.2,0.36,1.8,0.053,14,0.9982,0.42,10,White,Bitter,1
489,Kerner,11.6,0.55,2.8,0.081,67,1.0002,0.92,10.8,White,Sour,1
490,Aligote,9.3,0.4,2.6,0.073,26,0.9984,0.75,10.2,Rose,Bitter,1
491,Baga,9.3,0.27,2.8,0.078,56,0.9984,0.67,10.6,Red,Sweet,0
492,Xinomavro,9.2,0.5,2.5,0.055,25,0.9952,0.79,13.3,Port,Earthy,0
493,Negroamaro,8.9,0.51,2.6,0.052,27,0.995,0.9,13.4,Port,Sweet,1
494,Falanghina,8.7,0.31,3,0.086,81,1.0002,0.74,11.6,Rose,Balanced,0
495,Pecorino,6.5,0.23,8.3,0.051,91,0.9952,0.55,12.1,Red,Balanced,0
496,Loureiro,10.7,0.53,2.6,0.07,16,0.9972,0.65,11,Port,Bitter,1
497,Godello,7.8,0.25,1.9,0.081,38,0.9984,0.65,9,Port,Balanced,1
498,Trebbiano,7.2,0.32,2.5,0.09,113,0.9966,0.79,11.1,Red,Earthy,0
499,Corvina,10.7,0.53,2.6,0.07,16,0.9972,0.65,11,Rose,Earthy,1
500,Cortese,8.7,0.31,3,0.086,81,1.0002,0.74,11.6,Rose,Sour,0
501,Barolo,7.8,0.25,1.9,0.081,38,0.9984,0.65,9,Rose,Bitter,0
502,Barbaresco,10.4,0.73,6.55,0.074,76,0.999,0.85,12,Rose,Sweet,0
503,Valpolicella,10.4,0.73,6.55,0.074,76,0.999,0.85,12,Port,Sour,0
504,Rosso di Montalcino,10.5,0.47,1.9,0.078,24,0.9976,1.04,10.9,Red,Bitter,1
505,Franciacorta,10.5,0.42,1.8,0.077,22,0.9976,1.05,10.8,Port,Sour,0
506,Chianti,10.2,0.63,2.9,0.072,26,0.9968,0.78,12.5,Rose,Bitter,0
507,Beaujolais,10.4,0.46,1.8,0.075,21,0.9976,1.02,10.8,Rose,Earthy,0
508,Soave,11.2,0.55,2.3,0.084,13,1,0.71,9.5,White,Earthy,0
509,Orvieto,10,0.31,2.2,0.09,62,0.9994,0.63,10.2,Rose,Sour,1
510,Cote-Rotie,13.3,0.75,2.8,0.084,43,0.9986,0.68,11.4,White,Bitter,1
511,Chablis,12.4,0.49,4.6,0.073,43,0.9978,0.61,9.5,White,Sweet,0
512,Pouilly-Fuisse,10,0.31,2.2,0.09,62,0.9994,0.63,10.2,Rose,Sweet,1
513,Saint-Emilion,10.7,0.48,2.1,0.125,49,0.998,0.81,9.7,Port,Sour,1
514,Pauillac,10.5,0.64,2.4,0.107,15,0.9973,0.66,11.8,Red,Sour,0
515,Margaux,10.5,0.64,2.4,0.107,15,0.9973,0.66,11.8,Red,Sweet,1
516,Graves,8.5,0.49,6.1,0.122,151,1.001,1.14,9.3,Rose,Earthy,1
517,Pomerol,12.5,0.49,4.3,0.1,14,1.001,0.74,11.9,Red,Sour,1
518,Sauternes,10.4,0.49,2.1,0.2,16,0.9994,0.63,8.4,White,Earthy,1
519,Champagne,10.9,0.49,2.8,0.088,32,0.9972,0.68,11.7,,Balanced,1
520,Vin Santo,7.3,0.49,2.5,0.088,106,0.9966,0.78,11,Red,Bitter,0
521,Eiswein,9.8,0.49,2.7,0.088,33,0.9982,0.9,10,White,Balanced,0
522,Tokaji,7.6,0.49,2,0.088,43,0.998,0.64,9.1,White,Bitter,1
523,Chardonnay,8.2,0.49,2.3,0.099,133,0.9979,0.99,9.8,Red,Earthy,0
524,Cabernet Sauvignon,9.3,0.49,2.5,0.085,142,0.9978,0.55,9.4,Rose,Bitter,0
525,Merlot,9.2,0.49,2.4,0.086,116,0.9976,0.64,9.5,Rose,Sweet,1
526,Pinot Noir,10.4,0.24,2.8,0.105,53,0.9998,0.67,9.9,Port,Balanced,1
527,Zinfandel,7.3,0.49,2.5,0.088,106,0.9966,0.78,11,Port,Balanced,0
528,Sauvignon Blanc,7,0.49,2.5,0.097,85,0.9962,0.77,11.4,Red,Sour,0
529,Syrah,8.2,0.49,2.6,0.084,55,0.9988,0.75,8.7,Red,Bitter,1
530,Malbec,9.9,0.24,2.4,0.077,33,0.9974,0.57,9.4,Red,Balanced,1
531,Riesling,9.1,0.24,2.1,0.078,28,0.999,0.87,10.3,Port,Sweet,1
532,Grenache,11.9,0.49,2.7,0.098,42,1.0004,0.61,10.3,Port,Sweet,1
533,Sangiovese,11.9,0.49,2.7,0.098,42,1.0004,0.61,10.3,Port,Balanced,1
534,Tempranillo,10.3,0.24,2.1,0.072,33,0.9956,0.66,12.8,Rose,Bitter,1
535,Moscato,10,0.24,2.7,0.102,32,1,0.56,10,Rose,Balanced,0
536,Chenin Blanc,9.1,0.24,2.1,0.078,28,0.999,0.87,10.3,Port,Sweet,0
537,Pinot Grigio,9.9,0.24,2.4,0.077,33,0.9974,0.57,9.4,Port,Bitter,1
538,Viognier,8.1,0.24,2.1,0.084,13,0.9972,0.77,10.7,White,Sweet,1
539,Nebbiolo,12.9,0.49,5.8,0.066,35,1.0014,0.66,12,Rose,Sweet,0
540,Barbera,11.2,0.74,5.15,0.1,17,0.9996,0.62,11.2,Red,Sweet,1
541,Gamay,9.2,0.24,3.3,0.101,47,0.9988,0.67,9.6,White,Sweet,1
542,Torrontes,9.5,0.49,6.3,0.064,17,0.9988,0.73,11,Red,Sour,1
543,Gruner Veltliner,9.3,0.24,2.1,0.07,20,0.9966,0.59,9.9,Port,Sweet,1
544,Albarino,11.2,0.24,2.5,0.085,53,0.9993,0.72,11,Port,Sour,1
545,Carmenere,14.3,0.74,1.8,0.075,15,1.0008,0.79,8.4,White,Sweet,0
546,Petit Verdot,9.1,0.49,2.6,0.094,106,0.9982,0.59,9.1,Red,Sweet,1
547,Marsanne,7.5,0.24,2,0.078,28,0.9983,0.78,9.5,Port,Sour,0
548,Roussanne,10.6,0.49,2.5,0.067,21,0.9987,0.86,10.7,White,Bitter,0
549,Tannat,12.4,0.49,2.6,0.079,69,0.9994,0.75,10.4,White,Earthy,1
550,Carignan,9,0.49,1.9,0.171,25,0.9975,0.61,9.4,Red,Sweet,0
551,Verdejo,6.8,0.01,2.1,0.074,25,0.9958,0.56,9.5,Port,Sweet,0
552,Semillon,9.4,0.24,2.8,0.092,45,0.998,0.73,10,White,Sour,1
553,Dolcetto,9.5,0.24,2.7,0.092,44,0.998,0.74,10,White,Sour,1
554,Touriga Nacional,5,0.24,1.6,0.05,96,0.9934,0.62,11.5,Red,Sweet,0
555,Lambrusco,15.5,0.49,4.2,0.095,23,1.00315,0.74,11.1,Red,Balanced,0
556,Pedro Ximenez,15.5,0.49,4.2,0.095,23,1.00315,0.74,11.1,White,Sweet,1
557,Monastrell,10.9,0.49,4.6,0.118,17,1.0002,0.56,11.7,Rose,Earthy,0
558,Fiano,15.6,0.49,4.2,0.095,23,1.00315,0.74,11.1,Rose,Sour,0
559,Prosecco,10.9,0.49,4.6,0.118,17,1.0002,0.56,11.7,Red,Earthy,1
560,Cava,13,0.49,4.3,0.085,47,1.0021,0.68,12.7,Port,Sour,0
561,Madeira,12.7,0.49,2.8,0.075,19,0.9994,0.57,11.4,White,Sour,1
562,Port,9,0.49,2.4,0.078,121,0.9978,0.58,9.2,Port,Bitter,1
563,Shiraz,9,0.49,2.9,0.094,110,0.9982,0.61,9.2,White,Balanced,0
564,Glera,7.6,0.49,2.7,0.092,60,0.9971,0.61,10.1,Red,Balanced,1
565,Macabeo,13,0.49,4.3,0.085,47,1.0021,0.68,12.7,Red,Bitter,0
566,Moschofilero,12.7,0.49,2.8,0.075,19,0.9994,0.57,11.4,White,Sweet,1
567,Assyrtiko,8.7,0.24,2.5,0.226,15,0.9991,0.6,9,Red,Balanced,0
568,Agiorgitiko,8.7,0.24,2.5,0.226,15,0.9991,0.6,9,Red,Sour,1
569,Aglianico,9.8,0.49,2.6,0.25,20,0.999,0.79,10.7,Rose,Bitter,1
570,Verdelho,6.2,0.24,2.2,0.095,42,0.9946,0.57,11.7,White,Earthy,0
571,Vermentino,11.5,0.49,3.3,0.07,37,1.0003,0.91,11,Port,Sweet,1
572,Gewurztraminer,6.2,0.24,2.2,0.095,42,0.9946,0.57,11.7,Port,Sweet,1
573,Primitivo,10.2,0.49,2.4,0.075,28,0.9978,0.61,10.4,Port,Balanced,0
574,Blaufrankisch,10.5,0.49,2.1,0.07,47,0.9991,0.56,9.6,Red,Sour,1
575,Txakolina,10.6,0.49,3.2,0.078,78,0.9992,0.7,10,White,Sour,1
576,Kerner,12.3,0.49,3.1,0.079,46,0.9993,0.8,10.2,White,Sour,1
577,Aligote,9.9,0.24,2.3,0.103,14,0.9978,0.52,10,Port,Sour,0
578,Baga,8.8,0.49,2.8,0.083,111,0.9982,0.6,9.5,Red,Bitter,1
579,Xinomavro,8.8,0.49,2.9,0.085,110,0.9982,0.6,9.8,Port,Sweet,1
580,Negroamaro,10.6,0.49,2.2,0.063,40,0.9976,0.51,9.8,Red,Bitter,1
581,Falanghina,12.3,0.49,2.2,0.089,14,1.0002,0.44,9.6,White,Earthy,1
582,Pecorino,12.3,0.49,2.2,0.089,14,1.0002,0.44,9.6,Rose,Sweet,1
583,Loureiro,11.7,0.49,2.2,0.083,15,1,0.43,9.2,Rose,Sour,1
584,Godello,12,0.49,1.9,0.074,21,0.9976,0.66,9.9,Rose,Bitter,0
585,Trebbiano,11.8,0.49,3.4,0.093,80,1.0002,0.76,10.7,White,Sweet,0
586,Corvina,7.6,0.24,2.4,0.091,38,0.998,0.66,9.6,Rose,Sweet,0
587,Cortese,11.1,0.49,2.7,0.094,47,0.9986,1.02,10.6,Rose,Earthy,0
588,Barolo,7.3,,1.9,0.108,102,0.9967,0.59,9.3,Port,Bitter,1
589,Barbaresco,5,0.24,2,0.06,50,0.9917,0.74,14,Rose,Bitter,0
590,Valpolicella,10.2,0.49,2.6,0.059,13,0.9976,0.74,10.5,Rose,Sweet,1
591,Rosso di Montalcino,9,0.49,2.6,0.084,75,0.9987,0.57,9.7,Red,Sour,0
592,Franciacorta,6.6,0.49,1.7,0.07,149,0.9922,0.5,11.5,Port,Bitter,0
593,Chianti,9,0.49,2.6,0.084,75,0.9987,0.57,9.7,Port,Sour,1
594,Beaujolais,9.9,0.58,3.5,0.094,,1.0004,0.58,9,White,Sour,1
595,Soave,7.9,0.17,2.6,0.096,38,0.9978,0.53,9.5,Port,Bitter,1
596,Orvieto,8.9,0.41,7.9,0.086,109,0.9998,0.57,9.3,White,Sour,1
597,Cote-Rotie,12.4,0.51,2,0.059,24,0.9994,0.6,9.3,White,Sour,1
598,Chablis,11.9,0.58,1.9,0.071,18,0.998,0.63,10,Rose,Balanced,0
599,Pouilly-Fuisse,8.5,0.18,2.1,0.078,30,0.9967,0.48,9.8,Red,Sour,1
